{"train/loss": 0.941, "train/learning_rate": 1.2800000000000001e-05, "train/epoch": 0.04, "train/global_step": 16, "_timestamp": 1708946977.8793483, "_runtime": 101.79001235961914, "_step": 15}