{"Train/Samples/train_loss": 1.4732956141233444, "_timestamp": 1709620798.8848267, "_runtime": 2151.8812975883484, "_step": 3072, "Train/Samples/lr": 1.352718948683887e-05, "train/loss": 0.8215, "train/learning_rate": 1.352718948683887e-05, "train/epoch": 0.01, "train/global_step": 48}