{"Train/Samples/train_loss": 0.5130344331264496, "_timestamp": 1711199511.84493, "_runtime": 240.36302185058594, "_step": 3776, "Train/Samples/lr": 1.9854785478547856e-05, "train/loss": 0.2386, "train/learning_rate": 1.9854785478547856e-05, "train/epoch": 0.08, "train/global_step": 59}