{"Train/Samples/train_loss": 1.41179358959198, "_timestamp": 1709436031.0824645, "_runtime": 2061.239166498184, "_step": 3072, "Train/Samples/lr": 1.352718948683887e-05, "train/loss": 0.8151, "train/learning_rate": 1.352718948683887e-05, "train/epoch": 0.01, "train/global_step": 48}