{"Train/Samples/train_loss": 0.46797050535678864, "_timestamp": 1711360837.4953413, "_runtime": 25242.4151263237, "_step": 790017, "Train/Samples/lr": 3.341129301703976e-09, "train/loss": 0.0909, "train/learning_rate": 3.341129301703976e-09, "train/epoch": 2.0, "train/global_step": 6172, "train/train_runtime": 24892.1648, "train/train_samples_per_second": 31.737, "train/train_steps_per_second": 0.248, "train/total_flos": 1217184169721856.0, "train/train_loss": 0.13329323104142718, "_wandb": {"runtime": 25249}}