{"Train/Samples/train_loss": 0.5130344331264496, "_timestamp": 1711204263.462871, "_runtime": 4304.489721059799, "_step": 99969, "Train/Samples/lr": 1.3201320132013203e-08, "train/loss": 0.0903, "train/learning_rate": 1.3201320132013203e-08, "train/epoch": 2.0, "train/global_step": 1562, "train/train_runtime": 4254.3844, "train/train_samples_per_second": 23.505, "train/train_steps_per_second": 0.367, "train/total_flos": 127032876859392.0, "train/train_loss": 0.15867592544126755, "_wandb": {"runtime": 4313}}