{"Train/Samples/train_loss": 1.3140995278954506, "_timestamp": 1709226841.2149427, "_runtime": 175495.79265069962, "_step": 652289, "Train/Samples/lr": 2.0230629172567267e-09, "train/loss": 0.402, "train/learning_rate": 2.0230629172567267e-09, "train/epoch": 2.0, "train/global_step": 10192, "train/train_runtime": 173696.3065, "train/train_samples_per_second": 3.755, "train/train_steps_per_second": 0.059, "train/total_flos": 1115377834721280.0, "train/train_loss": 0.6224503534519972, "_wandb": {"runtime": 175507}}