{"Train/Samples/train_loss": 1.0054118633270264, "_timestamp": 1709303462.8942726, "_runtime": 1352.7911636829376, "_step": 45504, "Train/Samples/lr": 1.161699429296132e-05, "train/loss": 0.8818, "train/learning_rate": 1.161699429296132e-05, "train/epoch": 0.87, "train/global_step": 711}