{"Train/Samples/train_loss": 0.5605899095535278, "_timestamp": 1711335167.159639, "_runtime": 3822.4458899497986, "_step": 79296, "Train/Samples/lr": 1.8551741418190933e-05, "train/loss": 0.2372, "train/learning_rate": 1.8551741418190933e-05, "train/epoch": 0.2, "train/global_step": 1239}