{"Train/Samples/train_loss": 1.2535142004489899, "_timestamp": 1709305432.6721747, "_runtime": 1643.8008887767792, "_step": 42304, "Train/Samples/lr": 0.000150381033022862, "train/loss": 1.6105, "train/learning_rate": 0.000150381033022862, "train/epoch": 0.81, "train/global_step": 661}