{"Train/Samples/train_loss": 1.4732956141233444, "_timestamp": 1709615554.6255, "_runtime": 162708.61396193504, "_step": 652289, "Train/Samples/lr": 2.0230629172567267e-09, "train/loss": 0.5046, "train/learning_rate": 2.0230629172567267e-09, "train/epoch": 2.0, "train/global_step": 10192, "train/train_runtime": 161339.875, "train/train_samples_per_second": 4.043, "train/train_steps_per_second": 0.063, "train/total_flos": 3508976497065984.0, "train/train_loss": 0.7281724371021874, "_wandb": {"runtime": 162714}}