{"Train/Samples/train_loss": 1.195683814585209, "_timestamp": 1708974184.634161, "_runtime": 7489.587490081787, "_step": 21248, "Train/Samples/lr": 1.995144648998584e-05, "train/loss": 0.8559, "train/learning_rate": 1.995144648998584e-05, "train/epoch": 0.07, "train/global_step": 166, "_wandb": {"runtime": 7496}}