{"Train/Samples/train_loss": 0.67138671875, "_timestamp": 1709350015.529881, "_runtime": 43516.326869010925, "_step": 220608, "Train/Samples/lr": 1.3647582439813881e-05, "train/loss": 0.8526, "train/learning_rate": 1.3647582439813881e-05, "train/epoch": 0.68, "train/global_step": 3447}