{"Train/Samples/train_loss": 0.67138671875, "_timestamp": 1709391446.1801124, "_runtime": 9163.462091445923, "_step": 44736, "Train/Samples/lr": 1.9206959336435363e-05, "train/loss": 0.769, "train/learning_rate": 1.9206959336435363e-05, "train/epoch": 0.14, "train/global_step": 699}