{"Train/Samples/train_loss": 1.0134634971618652, "_timestamp": 1711074205.0616953, "_runtime": 8033.260493278503, "_step": 99969, "Train/Samples/lr": 1.3201320132013203e-08, "train/loss": 0.5224, "train/learning_rate": 1.3201320132013203e-08, "train/epoch": 2.0, "train/global_step": 1562, "train/train_runtime": 7904.4198, "train/train_samples_per_second": 12.651, "train/train_steps_per_second": 0.198, "train/total_flos": 299240156823552.0, "train/train_loss": 0.7736171390312735, "_wandb": {"runtime": 8048}}