{"train/loss": 1.5257, "train/learning_rate": 1.0457516339869283e-06, "train/epoch": 0.0, "train/global_step": 8, "_timestamp": 1708951074.356008, "_runtime": 281.09439396858215, "_step": 7}