{"Train/Samples/train_loss": 0.4582131449133158, "_timestamp": 1711339194.9454415, "_runtime": 6293.4225335121155, "_step": 149761, "Train/Samples/lr": 1.763668430335097e-08, "train/loss": 0.0473, "train/learning_rate": 1.763668430335097e-08, "train/epoch": 3.0, "train/global_step": 1170, "train/train_runtime": 6221.1557, "train/train_samples_per_second": 24.111, "train/train_steps_per_second": 0.188, "train/total_flos": 190296843878400.0, "train/train_loss": 0.11875265379810435, "_wandb": {"runtime": 6302}}