{"Train/Samples/train_loss": 1.41179358959198, "_timestamp": 1709451407.7019522, "_runtime": 8974.174382209778, "_step": 31296, "Train/Samples/lr": 1.963180254905928e-05, "train/loss": 0.7802, "train/learning_rate": 1.963180254905928e-05, "train/epoch": 0.1, "train/global_step": 489}