{"Train/Samples/train_loss": 0.67138671875, "_timestamp": 1709381732.3288476, "_runtime": 20178.25172662735, "_step": 100928, "Train/Samples/lr": 1.7430710095083958e-05, "train/loss": 0.8737, "train/learning_rate": 1.7430710095083958e-05, "train/epoch": 0.31, "train/global_step": 1577}