{"Train/Samples/train_loss": 1.4715285152196884, "_timestamp": 1710106171.4042614, "_runtime": 57959.45198345184, "_step": 413248, "Train/Samples/lr": 1.1911794456807608e-05, "train/loss": 0.6354, "train/learning_rate": 1.1911794456807608e-05, "train/epoch": 1.27, "train/global_step": 6457, "_wandb": {"runtime": 57955}}