{"Train/Samples/train_loss": 0.7257158011198044, "_timestamp": 1711112604.0053174, "_runtime": 17922.19827055931, "_step": 222337, "Train/Samples/lr": 5.936479667557139e-09, "train/loss": 0.5961, "train/learning_rate": 5.936479667557139e-09, "train/epoch": 2.0, "train/global_step": 3474, "train/train_runtime": 17693.6872, "train/train_samples_per_second": 12.568, "train/train_steps_per_second": 0.196, "train/total_flos": 666671524872192.0, "train/train_loss": 0.7981386712280991, "_wandb": {"runtime": 17938}}