{"Train/Samples/train_loss": 1.4144790321588516, "_timestamp": 1713559983.05545, "_runtime": 110480.36600494385, "_step": 812289, "Train/Samples/lr": 1.6245633985866299e-09, "train/loss": 0.416, "train/learning_rate": 1.6245633985866299e-09, "train/epoch": 2.0, "train/global_step": 12692, "train/train_runtime": 108982.0347, "train/train_samples_per_second": 7.453, "train/train_steps_per_second": 0.116, "train/total_flos": 3958794832183296.0, "train/train_loss": 0.6812153335060752, "_wandb": {"runtime": 110497}}