{"Train/Samples/train_loss": 0.780318696051836, "_timestamp": 1708795062.4394734, "_runtime": 2324.5948584079742, "_step": 768, "Train/Samples/lr": 7.123671923704378e-06, "train/loss": 0.8498, "train/learning_rate": 7.123671923704378e-06, "train/epoch": 0.0, "train/global_step": 6}