{"Train/Samples/train_loss": 1.294273391366005, "_timestamp": 1713446818.331257, "_runtime": 2517.395923137665, "_step": 7296, "Train/Samples/lr": 1.539543332319696e-05, "train/loss": 0.825, "train/learning_rate": 1.539543332319696e-05, "train/epoch": 0.02, "train/global_step": 57}